layer,fold,n_train,n_test,update_mse,update_r2,next_state_mse,coef_fro_norm,intercept_l2_norm
0,0,11482,2871,0.016622884199023247,0.7810544967651367,0.016622884199023247,263.550048828125,4.377828598022461
1,0,11482,2871,0.022270530462265015,0.3863297998905182,0.022270530462265015,18.629199981689453,4.802048683166504
2,0,11482,2871,0.03486098349094391,0.48389530181884766,0.03486098721623421,17.25436019897461,6.21699333190918
3,0,11482,2871,0.06309034675359726,0.5612501502037048,0.06309034675359726,22.685014724731445,9.682363510131836
4,0,11482,2871,0.030369862914085388,0.5411129593849182,0.030369862914085388,13.55560302734375,4.317986011505127
5,0,11482,2871,0.02920401655137539,0.6044489145278931,0.02920401655137539,14.095426559448242,5.5696001052856445
6,0,11482,2871,0.03054211102426052,0.6410984992980957,0.03054211102426052,13.910888671875,4.889848232269287
7,0,11482,2871,0.0380246601998806,0.6884820461273193,0.0380246601998806,15.149369239807129,6.235274791717529
8,0,11482,2871,0.045010000467300415,0.6833918690681458,0.045010000467300415,15.451971054077148,7.38775634765625
9,0,11482,2871,0.057951126247644424,0.6832914352416992,0.05795113369822502,16.490354537963867,8.135208129882812
10,0,11482,2871,0.07799436897039413,0.598341166973114,0.07799436897039413,15.153368949890137,7.704563140869141
11,0,11482,2871,0.4221271574497223,0.5802454352378845,0.42212724685668945,35.90657043457031,237.72328186035156
0,1,11482,2871,0.01608920283615589,0.7841307520866394,0.01608920283615589,263.7420654296875,4.392598628997803
1,1,11482,2871,0.021496159955859184,0.39169275760650635,0.021496159955859184,18.680513381958008,4.829290390014648
2,1,11482,2871,0.034172046929597855,0.4849880635738373,0.034172046929597855,17.269214630126953,6.640670299530029
3,1,11482,2871,0.06174526736140251,0.5614944100379944,0.06174526736140251,22.715641021728516,10.056427955627441
4,1,11482,2871,0.03034103848040104,0.543422281742096,0.03034103848040104,13.52649974822998,4.328116416931152
5,1,11482,2871,0.02962540090084076,0.6028932929039001,0.02962540090084076,14.075955390930176,5.40609884262085
6,1,11482,2871,0.030236834660172462,0.6450605988502502,0.030236834660172462,13.892349243164062,4.855965614318848
7,1,11482,2871,0.03758727386593819,0.6946908831596375,0.03758727386593819,15.10897159576416,5.955952167510986
8,1,11482,2871,0.045139458030462265,0.6892092227935791,0.045139458030462265,15.43995189666748,7.151417255401611
9,1,11482,2871,0.0572587288916111,0.6887677311897278,0.057258736342191696,16.461271286010742,8.194208145141602
10,1,11482,2871,0.07725409418344498,0.6028428673744202,0.07725409418344498,15.097644805908203,7.522091388702393
11,1,11482,2871,0.39014875888824463,0.5694776177406311,0.39014875888824463,36.15845489501953,237.95614624023438
0,2,11482,2871,0.01697150431573391,0.7807289958000183,0.01697150431573391,263.5323181152344,4.383267879486084
1,2,11482,2871,0.021775461733341217,0.37360668182373047,0.021775461733341217,19.195905685424805,4.726895809173584
2,2,11482,2871,0.03483244776725769,0.4810773432254791,0.03483244776725769,17.321683883666992,6.972339153289795
3,2,11482,2871,0.06242203712463379,0.5671984553337097,0.06242203712463379,22.80070686340332,10.23482608795166
4,2,11482,2871,0.03111015260219574,0.5377764701843262,0.03111015260219574,13.554533958435059,4.363914966583252
5,2,11482,2871,0.029526175931096077,0.6038272976875305,0.029526175931096077,14.141538619995117,5.5059614181518555
6,2,11482,2871,0.03046061284840107,0.643142580986023,0.03046061284840107,13.92552661895752,4.8408379554748535
7,2,11482,2871,0.03800969943404198,0.6903831362724304,0.03800969943404198,15.152799606323242,5.78471565246582
8,2,11482,2871,0.045436639338731766,0.6875173449516296,0.045436639338731766,15.421124458312988,6.609451770782471
9,2,11482,2871,0.05804404988884926,0.68747878074646,0.05804404988884926,16.466291427612305,8.30846118927002
10,2,11482,2871,0.07830560952425003,0.5981928706169128,0.07830560952425003,15.120071411132812,7.753113269805908
11,2,11482,2871,0.409686416387558,0.5876224637031555,0.409686416387558,36.039764404296875,237.89903259277344
0,3,11483,2870,0.016624510288238525,0.7811410427093506,0.016624510288238525,264.0221862792969,4.358171463012695
1,3,11483,2870,0.02161514200270176,0.37299254536628723,0.02161514200270176,19.160268783569336,4.794484615325928
2,3,11483,2870,0.03502444550395012,0.4554557800292969,0.03502444550395012,17.3250732421875,6.955270767211914
3,3,11483,2870,0.062421154230833054,0.5280227661132812,0.06242114678025246,22.775285720825195,8.687533378601074
4,3,11483,2870,0.031210100278258324,0.5344235897064209,0.031210100278258324,13.532710075378418,4.439391136169434
5,3,11483,2870,0.029692307114601135,0.6024841666221619,0.029692308977246284,14.089738845825195,5.499273777008057
6,3,11483,2870,0.03113633580505848,0.6389582753181458,0.03113633580505848,13.896005630493164,4.6462931632995605
7,3,11483,2870,0.038627155125141144,0.6931342482566833,0.038627151399850845,15.12246322631836,5.732461929321289
8,3,11483,2870,0.04629901051521301,0.6845853924751282,0.046299006789922714,15.407848358154297,7.260331153869629
9,3,11483,2870,0.05869503691792488,0.6846427917480469,0.05869503691792488,16.461584091186523,8.35180950164795
10,3,11483,2870,0.07930602133274078,0.590675413608551,0.07930601388216019,15.105420112609863,7.650820732116699
11,3,11483,2870,0.44960132241249084,0.5763941407203674,0.44960132241249084,35.559593200683594,233.75038146972656
0,4,11483,2870,0.01738142780959606,0.7758383750915527,0.01738142780959606,263.8487854003906,4.3898444175720215
1,4,11483,2870,0.023009484633803368,0.368300199508667,0.023009484633803368,18.924877166748047,5.174776554107666
2,4,11483,2870,0.03572629764676094,0.46488508582115173,0.03572629764676094,17.33015251159668,7.316622734069824
3,4,11483,2870,0.06460040807723999,0.5465385317802429,0.06460040807723999,22.852615356445312,11.323784828186035
4,4,11483,2870,0.030491948127746582,0.5373814105987549,0.030491948127746582,13.56911849975586,4.387443542480469
5,4,11483,2870,0.029206842184066772,0.6059414744377136,0.029206842184066772,14.136188507080078,5.464908123016357
6,4,11483,2870,0.03032063879072666,0.6405184864997864,0.03032064251601696,13.938464164733887,5.0627760887146
7,4,11483,2870,0.037888411432504654,0.6864230036735535,0.037888411432504654,15.149664878845215,5.575536251068115
8,4,11483,2870,0.04463883116841316,0.6868287920951843,0.04463883861899376,15.40824031829834,7.170732021331787
9,4,11483,2870,0.05752044916152954,0.6868958473205566,0.05752044916152954,16.484018325805664,8.331999778747559
10,4,11483,2870,0.07745485752820969,0.598742663860321,0.07745485752820969,15.111703872680664,7.557897090911865
11,4,11483,2870,0.4201402962207794,0.579542338848114,0.4201402962207794,36.01375198364258,240.16578674316406
