excerpt_id,prompt,reference,generated,avg_loss,perplexity,bertscore,forward_pass_ms,generation_ms,tokens_generated,tokens_per_sec
0," Robert Boulter is an English film , television and theatre actor . He had a guest @-@ starring role on the television series The Bill in 2000 . This was followed by a starring role in the play Herons written by Simon Stephens , which was performed in 2001 at the Royal Court Theatre . He had a guest"," role in the television series Judge John Deed in 2002 . In 2004 Boulter landed a role as "" Craig "" in the episode "" Teddy 's Story "" of the television series The Long Firm ; he starred alongside actors Mark Strong and Derek Jacobi . He was cast in the 2005 theatre productions of the Philip Ridley play Mercury Fur , which was performed at the Drum Theatre in Plymouth and the Menier Chocolate Factory in London . He was directed by John Tiffany and starred alongside Ben Whishaw , Shane Zaza , Harry Kent , Fraser Ayres , Sophie Stanton and Dominic Hall . 
"," at the Edinburgh Film Festival in 2002 and again in 2003 . He was also an actor in the lead role of the character of Cyrus (Michael Crichton). The character is a character in the book of the same name which he plays.

In 2008, he was cast in the play “The Wrecking Crew” , which was produced by his brother, John. It was released in 2009 and the movie starred John Cates, Colin Firth, Michael Crichton, and the film’s co-star James McAvoy . He is also a member of the British cast",3.9222710132598877,50.515034925082475,0.8387624025344849,183.2282920004218,1742.45000000019,121,69.44245172027135
1," In 2006 , Boulter starred alongside Whishaw in the play Citizenship written by Mark Ravenhill . He appeared on a 2006 episode of the television series , Doctors , followed by a role in the 2007 theatre production of How to Curse directed by Josie Rourke . How to Curse was performed at"," Bush Theatre in the London Borough of Hammersmith and Fulham . Boulter starred in two films in 2008 , Daylight Robbery by filmmaker Paris Leonti , and Donkey Punch directed by Olly Blackburn . In May 2008 , Boulter made a guest appearance on a two @-@ part episode arc of the television series Waking the Dead , followed by an appearance on the television series Survivors in November 2008 . He had a recurring role in ten episodes of the television series Casualty in 2010 , as "" Kieron Fletcher "" . Boulter starred in the 2011 film Mercenaries directed by Paris Leonti . 
"," the West End Theatre, London, in 2008, and at the National Theatre in London, London, in 2012.

His latest film is the film The Dilemma.

Filmography

Film

Television

Video games

References

External links

Category:1932 births
Category:Living people
Category:English male stage actors
Category:English male voice actors
Category:English male television actors
Category:English male film actors
Category:English male television actors
Category:Male actors from London
Category:Male actors from London
Category:Male actors from London
Category:Male actors in English television
",3.6168882846832275,37.221564518601596,0.7861772179603577,183.2282920004218,1852.7000829999452,133,71.78711828233018
2," In 2000 Boulter had a guest @-@ starring role on the television series The Bill ; he portrayed "" Scott Parry "" in the episode , "" In Safe Hands "" . Boulter starred as "" Scott "" in the play Herons written by Simon Stephens , which was performed in 2001 at the Royal Court"," Theatre . A review of Boulter 's performance in The Independent on Sunday described him as "" horribly menacing "" in the role , and he received critical reviews in The Herald , and Evening Standard . He appeared in the television series Judge John Deed in 2002 as "" Addem Armitage "" in the episode "" Political Expediency "" , and had a role as a different character "" Toby Steele "" on The Bill . 
"," in London, and was played by John Cage in the film The Raggedy Man. At the time of the premiere, Parry was also a member of the British Council and was the British Minister for Education.

In 2004 Boulter was cast as a young man in the role of the ""Boulter's"" wife, Caroline, and was played by David Sheppard , who played the same role in the",3.9792375564575195,53.47624606164445,0.8348753452301025,183.2282920004218,1289.744624999912,88,68.23056153461853
3," He had a recurring role in 2003 on two episodes of The Bill , as character "" Connor Price "" . In 2004 Boulter landed a role as "" Craig "" in the episode "" Teddy 's Story "" of the television series The Long Firm ; he starred alongside actors Mark Strong and Derek Jacobi . Boulter"," starred as "" Darren "" , in the 2005 theatre productions of the Philip Ridley play Mercury Fur . It was performed at the Drum Theatre in Plymouth , and the Menier Chocolate Factory in London . He was directed by John Tiffany and starred alongside Ben Whishaw , Shane Zaza , Harry Kent , Fraser Ayres , Sophie Stanton and Dominic Hall . Boulter received a favorable review in The Daily Telegraph : "" The acting is shatteringly intense , with wired performances from Ben Whishaw ( now unrecognisable from his performance as Trevor Nunn 's Hamlet ) , Robert Boulter , Shane Zaza and Fraser Ayres . "" The Guardian noted , "" Ben Whishaw and Robert Boulter offer tenderness amid the savagery . "" 
"," later joined him on the series' reboot "" The Long Firm.

On May 1, 2007, Boulter joined the cast of The Long Firm as ""Clive Boulter"" on the series' reboot ""The Long Firm"".

On October 21, 2007, Boulter was cast as "" Jack "" in the episode "" Teddy 's Story "" of the television series The Long Firm. He starred alongside actors Mark Strong and Derek Jacobi , and played the lead role in the reboot ""The Long Firm.""

On June 7, 2008, Boulter was cast as "" Jack "" in the episode "" Teddy 's Story "" of the television series The Long Firm. He starred alongside actors Mark Strong and Derek Jacobi , and played the lead role in the",4.015948295593262,55.47587799726907,0.8141852021217346,183.2282920004218,2580.1659170001585,159,61.62394400777996
